ORF,COMMON,DESCRIPTION
YAL061W,BDH2,Putative medium-chain alcohol dehydrogenase with similarity to BDH1; transcription induced by constitutively active PDR1 and PDR3
YAL017W,PSK1,One of two (see also PSK2) PAS domain containing S/T protein kinases; coordinately regulates protein synthesis and carbohydrate metabolism and storage in response to a unknown metabolite that reflects nutritional status
YAL005C,SSA1,"ATPase involved in protein folding and nuclear localization signal (NLS)-directed nuclear transport; member of heat shock protein 70 (HSP70) family; forms a chaperone complex with Ydj1p; localized to the nucleus, cytoplasm, and cell wall; 98% identical with Ssa2p, but subtle differences between the two proteins provide functional specificity with respect to propagation of yeast [URE3] prions and vacuolar-mediated degradations of gluconeogenesis enzymes"
YBL064C,PRX1,"Mitochondrial peroxiredoxin (1-Cys Prx) with thioredoxin peroxidase activity, has a role in reduction of hydroperoxides; reactivation requires Trr2p and glutathione; induced during respiratory growth and oxidative stress; phosphorylated"
YBR052C,RFS1,Protein of unknown function; member of a flavodoxin-like fold protein family that includes Pst2p and Ycp4p; green fluorescent protein (GFP)-fusion protein localizes to the cytoplasm in a punctate pattern
YBR053C,YBR053C,Putative protein of unknown function; induced by cell wall perturbation
YBR054W,YRO2,"Protein of unknown function with similarity to archaeal rhodopsins; the authentic, non-tagged protein is detected in a phosphorylated state in highly purified mitochondria in high-throughput studies; transcriptionally regulated by Haa1p"
YBR056W,YBR056W,Putative cytoplasmic protein of unknown function
YBR072W,HSP26,"Small heat shock protein (sHSP) with chaperone activity; forms hollow, sphere-shaped oligomers that suppress unfolded proteins aggregation; oligomer activation requires heat-induced conformational change; also has mRNA binding activity"
YBR085C-A,YBR085C-A,Putative protein of unknown function; green fluorescent protein (GFP)-fusion protein localizes to the cytoplasm and to the nucleus
YBR111C,YSA1,Nudix hydrolase family member with ADP-ribose pyrophosphatase activity; shown to metabolize O-acetyl-ADP-ribose to AMP and acetylated ribose 5'-phosphate
YBR116C,YBR116C,"Dubious open reading frame unlikely to encode a protein, based on available experimental and comparative sequence data; partially overlaps the verified gene TKL2"
YBR117C,TKL2,"Transketolase, similar to Tkl1p; catalyzes conversion of xylulose-5-phosphate and ribose-5-phosphate to sedoheptulose-7-phosphate and glyceraldehyde-3-phosphate in the pentose phosphate pathway; needed for synthesis of aromatic amino acids"
YBR126C,TPS1,"Synthase subunit of trehalose-6-phosphate synthase/phosphatase complex, which synthesizes the storage carbohydrate trehalose; also found in a monomeric form; expression is induced by the stress response and repressed by the Ras-cAMP pathway"
YBR139W,ATG42,"Putative serine type carboxypeptidase with a role in phytochelatin synthesis; green fluorescent protein (GFP)-fusion protein localizes to the vacuole; expression induced by nitrogen limitation in a GLN3, GAT1-independent manner"
YBR149W,ARA1,"NADP+ dependent arabinose dehydrogenase, involved in carbohydrate metabolism; purified as homodimer; naturally occurs with a N-terminus degradation product"
YBR169C,SSE2,Member of the heat shock protein 70 (HSP70) family; may be involved in protein folding; localized to the cytoplasm; highly homologous to the heat shock protein Sse1p
YBR183W,YPC1,"Alkaline ceramidase that also has reverse (CoA-independent) ceramide synthase activity, catalyzes both breakdown and synthesis of phytoceramide; overexpression confers fumonisin B1 resistance"
YBR199W,KTR4,Putative mannosyltransferase involved in protein glycosylation; member of the KRE2/MNT1 mannosyltransferase family
YBR214W,SDS24,"One of two S. cerevisiae homologs (Sds23p and Sds24p) of the S. pombe Sds23 protein, which is implicated in APC/cyclosome regulation; involved in cell separation during budding; may play an indirect role in fluid-phase endocytosis"
YBR230C,OM14,Integral mitochondrial outer membrane protein; abundance is decreased in cells grown in glucose relative to other carbon sources; appears to contain 3 alpha-helical transmembrane segments; ORF encodes a 97-basepair intron
YBR286W,APE3,"Vacuolar aminopeptidase Y, processed to mature form by Prb1p"
YCL049C,YCL049C,Protein of unknown function; localizes to membrane fraction; YCL049C is not an essential gene
YCL040W,GLK1,"Glucokinase, catalyzes the phosphorylation of glucose at C6 in the first irreversible step of glucose metabolism; one of three glucose phosphorylating enzymes; expression regulated by non-fermentable carbon sources"
YCL035C,GRX1,Hydroperoxide and superoxide-radical responsive heat-stable glutathione-dependent disulfide oxidoreductase with active site cysteine pair; protects cells from oxidative damage
YCR061W,YCR061W,Protein of unknown function; green fluorescent protein (GFP)-fusion protein localizes to the cytoplasm in a punctate pattern; induced by treatment with 8-methoxypsoralen and UVA irradiation
YDL223C,HBT1,"Substrate of the Hub1p ubiquitin-like protein that localizes to the shmoo tip (mating projection); mutants are defective for mating projection formation, thereby implicating Hbt1p in polarized cell morphogenesis"
YDL222C,FMP45,Integral membrane protein localized to mitochondria (untagged protein); required for sporulation and maintaining sphingolipid content; has sequence similarity to SUR7 and YNL194C
YDL204W,RTN2,Protein of unknown function; has similarity to mammalian reticulon proteins; member of the RTNLA (reticulon-like A) subfamily
YDL203C,ACK1,Protein that functions upstream of Pkc1p in the cell wall integrity pathway; GFP-fusion protein expression is induced in response to the DNA-damaging agent MMS; non-tagged Ack1p is detected in purified mitochondria
YDL130W-A,STF1,Protein involved in regulation of the mitochondrial F1F0-ATP synthase; Stf1p and Stf2p may act as stabilizing factors that enhance inhibitory action of the Inh1p protein
YDL124W,YDL124W,"NADPH-dependent alpha-keto amide reductase; reduces aromatic alpha-keto amides, aliphatic alpha-keto esters, and aromatic alpha-keto esters; member of the aldo-keto reductase (AKR) family"
YDL110C,TMA17,Protein of unknown function that associates with ribosomes; heterozygous deletion demonstrated increases in chromosome instability in a rad9 deletion background; protein abundance is decreased upon intracellular iron depletion
YDL072C,YET3,Protein of unknown function; YET3 null mutant decreases the level of secreted invertase; homolog of human BAP31 protein
YDL022W,GPD1,"NAD-dependent glycerol-3-phosphate dehydrogenase, key enzyme of glycerol synthesis, essential for growth under osmotic stress; expression regulated by high-osmolarity glycerol response pathway; homolog of Gpd2p"
YDR001C,NTH1,"Neutral trehalase, degrades trehalose; required for thermotolerance and may mediate resistance to other cellular stresses; may be phosphorylated by Cdc28p"
YDR032C,PST2,"Protein with similarity to members of a family of flavodoxin-like proteins; induced by oxidative stress in a Yap1p dependent manner; the authentic, non-tagged protein is detected in highly purified mitochondria in high-throughput studies"
YDR034W-B,YDR034W-B,Predicted tail-anchored plasma membrane protein containing a conserved CYSTM module; related proteins in other organisms may be involved in response to stress; green fluorescent protein (GFP)-fusion protein localizes to the cell periphery
YDR039C,ENA2,"P-type ATPase sodium pump, involved in Na+ efflux to allow salt tolerance; likely not involved in Li+ efflux"
YDR040C,ENA1,"P-type ATPase sodium pump, involved in Na+ and Li+ efflux to allow salt tolerance"
YDR055W,PST1,"Cell wall protein that contains a putative GPI-attachment site; secreted by regenerating protoplasts; up-regulated by activation of the cell integrity pathway, as mediated by Rlm1p; upregulated by cell wall damage via disruption of FKS1"
YDR070C,FMP16,"Putative protein of unknown function; proposed to be involved in responding to conditions of stress; the authentic, non-tagged protein is detected in highly purified mitochondria in high-throughput studies"
YDR074W,TPS2,"Phosphatase subunit of the trehalose-6-phosphate synthase/phosphatase complex, which synthesizes the storage carbohydrate trehalose; expression is induced by stress conditions and repressed by the Ras-cAMP pathway"
YDR077W,SED1,"Major stress-induced structural GPI-cell wall glycoprotein in stationary-phase cells, associates with translating ribosomes, possible role in mitochondrial genome maintenance; ORF contains two distinct variable minisatellites"
YDR119W-A,COX26,Putative protein of unknown function; may interact with respiratory chain complexes III (ubiquinol-cytochrome c reductase) or IV (cytochrome c oxidase)
YDR122W,KIN1,Serine/threonine protein kinase involved in regulation of exocytosis; localizes to the cytoplasmic face of the plasma membrane; closely related to Kin2p
YDR133C,YDR133C,"Dubious open reading frame unlikely to encode a protein, based on available experimental and comparative sequence data; partially overlaps YDR134C"
YDR171W,HSP42,Small heat shock protein (sHSP) with chaperone activity; forms barrel-shaped oligomers that suppress unfolded protein aggregation; involved in cytoskeleton reorganization after heat shock
YDR204W,COQ4,"Protein with a role in ubiquinone (Coenzyme Q) biosynthesis, possibly functioning in stabilization of Coq7p; located on the matrix face of the mitochondrial inner membrane; component of a mitochondrial ubiquinone-synthesizing complex"
YDR258C,HSP78,Oligomeric mitochondrial matrix chaperone that cooperates with Ssc1p in mitochondrial thermotolerance after heat shock; able to prevent the aggregation of misfolded proteins as well as resolubilize protein aggregates
YDR342C,HXT7,"High-affinity glucose transporter of the major facilitator superfamily, nearly identical to Hxt6p, expressed at high basal levels relative to other HXTs, expression repressed by high glucose levels"
YDR358W,GGA1,"Golgi-localized protein with homology to gamma-adaptin, interacts with and regulates Arf1p and Arf2p in a GTP-dependent manner in order to facilitate traffic through the late Golgi"
YDR368W,YPR1,"NADPH-dependent aldo-keto reductase, reduces multiple substrates including 2-methylbutyraldehyde and D,L-glyceraldehyde, expression is induced by osmotic and oxidative stress; functionally redundant with other aldo-keto reductases"
YDR391C,YDR391C,"Putative protein of unknown function, possibly involved in zinc homeostasis; Bdf1p-dependent transcription induced by salt stress; green fluorescent protein (GFP)-fusion protein localizes to both the cytoplasm and the nucleus"
YDR453C,TSA2,"Stress inducible cytoplasmic thioredoxin peroxidase; cooperates with Tsa1p in the removal of reactive oxygen, nitrogen and sulfur species using thioredoxin as hydrogen donor; deletion enhances the mutator phenotype of tsa1 mutants"
YDR513W,GRX2,"Cytoplasmic glutaredoxin, thioltransferase, glutathione-dependent disulfide oxidoreductase involved in maintaining redox state of target proteins, also exhibits glutathione peroxidase activity, expression induced in response to stress"
YDR516C,EMI2,Non-essential protein of unknown function required for transcriptional induction of the early meiotic-specific transcription factor IME1; required for sporulation; expression is regulated by glucose-repression transcription factors Mig1/2p
YDR533C,HSP31,"Possible chaperone and cysteine protease with similarity to E. coli Hsp31; member of the DJ-1/ThiJ/PfpI superfamily, which includes human DJ-1 involved in Parkinson's disease; exists as a dimer and contains a putative metal-binding site"
YDR536W,STL1,"Glycerol proton symporter of the plasma membrane, subject to glucose-induced inactivation, strongly but transiently induced when cells are subjected to osmotic shock"
YEL039C,CYC7,"Cytochrome c isoform 2, expressed under hypoxic conditions; electron carrier of the mitochondrial intermembrane space that transfers electrons from ubiquinone-cytochrome c oxidoreductase to cytochrome c oxidase during cellular respiration"
YEL011W,GLC3,"Glycogen branching enzyme, involved in glycogen accumulation; green fluorescent protein (GFP)-fusion protein localizes to the cytoplasm in a punctate pattern"
YER053C,PIC2,"Mitochondrial phosphate carrier, imports inorganic phosphate into mitochondria; functionally redundant with Mir1p but less abundant than Mir1p under normal conditions; expression is induced at high temperature"
YER054C,GIP2,"Putative regulatory subunit of the protein phosphatase Glc7p, involved in glycogen metabolism; contains a conserved motif (GVNK motif) that is also found in Gac1p, Pig1p, and Pig2p"
YER062C,GPP2,"One of two redundant DL-glycerol-3-phosphatases (RHR2/GPP1 encodes the other) involved in glycerol biosynthesis; induced in response to hyperosmotic stress and oxidative stress, and during the diauxic transition"
YER067W,RGI1,Protein of unknown function involved in energy metabolism under respiratory conditions; protein abundance is increased upon intracellular iron depletion
YER079W,YER079W,Putative protein of unknown function
YER103W,SSA4,Heat shock protein that is highly induced upon stress; plays a role in SRP-dependent cotranslational protein-membrane targeting and translocation; member of the HSP70 family; cytoplasmic protein that concentrates in nuclei upon starvation
YER150W,SPI1,GPI-anchored cell wall protein involved in weak acid resistance; basal expression requires Msn2p/Msn4p; expression is induced under conditions of stress and during the diauxic shift; similar to Sed1p
YFL014W,HSP12,"Plasma membrane protein involved in maintaining membrane organization in stress conditions; induced by heat shock, oxidative stress, osmostress, stationary phase, glucose depletion, oleate and alcohol; regulated by HOG and Ras-Pka pathways"
YFR015C,GSY1,"Glycogen synthase with similarity to Gsy2p, the more highly expressed yeast homolog; expression induced by glucose limitation, nitrogen starvation, environmental stress, and entry into stationary phase"
YFR017C,IGD1,Cytoplasmic protein that inhibits Gdb1p glycogen debranching activity; required for normal intracellular accumulation of glycogen; phosphorylated in vivo; expression increases during wine fermentation
YFR052W,RPN12,"Subunit of the 19S regulatory particle of the 26S proteasome lid; synthetically lethal with RPT1, which is an ATPase component of the 19S regulatory particle; physically interacts with Nob1p and Rpn3p"
YFR052C-A,YFR052C-A,
YFR053C,HXK1,"Hexokinase isoenzyme 1, a cytosolic protein that catalyzes phosphorylation of glucose during glucose metabolism; expression is highest during growth on non-glucose carbon sources; glucose-induced repression involves the hexokinase Hxk2p"
YGL157W,ARI1,"NADPH-dependent aldehyde reductase, utilizes aromatic and alophatic aldehyde substrates; member of the short-chain dehydrogenase/reductase superfamily"
YGL121C,GPG1,Proposed gamma subunit of the heterotrimeric G protein that interacts with the receptor Gpr1p; involved in regulation of pseudohyphal growth; requires Gpb1p or Gpb2p to interact with Gpa2p; overproduction causes prion curing
YGL062W,PYC1,"Pyruvate carboxylase isoform, cytoplasmic enzyme that converts pyruvate to oxaloacetate; highly similar to isoform Pyc2p but differentially regulated; mutations in the human homolog are associated with lactic acidosis"
YGL037C,PNC1,"Nicotinamidase that converts nicotinamide to nicotinic acid as part of the NAD(+) salvage pathway, required for life span extension by calorie restriction; PNC1 expression responds to all known stimuli that extend replicative life span"
YGR008C,STF2,Protein involved in regulation of the mitochondrial F1F0-ATP synthase; Stf1p and Stf2p may act as stabilizing factors that enhance inhibitory action of the Inh1p protein
YGR043C,NQM1,Transaldolase of unknown function; transcription is repressed by Mot1p and induced by alpha-factor and during diauxic shift
YGR052W,FMP48,"Putative protein of unknown function; the authentic, non-tagged protein is detected in highly purified mitochondria in high-throughput studies; induced by treatment with 8-methoxypsoralen and UVA irradiation"
YGR086C,PIL1,"Primary component of eisosomes, which are large immobile cell cortex structures associated with endocytosis; null mutants show activation of Pkc1p/Ypk1p stress resistance pathways; detected in phosphorylated state in mitochondria; member of the BAR domain family"
YGR088W,CTT1,"Cytosolic catalase T, has a role in protection from oxidative damage by hydrogen peroxide"
YGR149W,GPC1,Putative protein of unknown function; predicted to be an integal membrane protein
YGR167W,CLC1,"Clathrin light chain, subunit of the major coat protein involved in intracellular protein transport and endocytosis; thought to regulate clathrin function; two Clathrin heavy chains (CHC1) form the clathrin triskelion structural component"
YGR194C,XKS1,"Xylulokinase, converts D-xylulose and ATP to xylulose 5-phosphate and ADP; rate limiting step in fermentation of xylulose; required for xylose fermentation by recombinant S. cerevisiae strains"
YGR209C,TRX2,"Cytoplasmic thioredoxin isoenzyme of the thioredoxin system which protects cells against oxidative and reductive stress, forms LMA1 complex with Pbi2p, acts as a cofactor for Tsa1p, required for ER-Golgi transport and vacuole inheritance"
YGR243W,MPC3,"Putative protein of unknown function; expression regulated by osmotic and alkaline stresses; the authentic, non-tagged protein is detected in highly purified mitochondria in high-throughput studies"
YGR248W,SOL4,6-phosphogluconolactonase with similarity to Sol3p
YGR254W,ENO1,"Enolase I, a phosphopyruvate hydratase that catalyzes the conversion of 2-phosphoglycerate to phosphoenolpyruvate during glycolysis and the reverse reaction during gluconeogenesis; expression is repressed in response to glucose"
YGR255C,COQ6,Putative flavin-dependent monooxygenase; involved in ubiquinone (Coenzyme Q) biosynthesis; localizes to the matrix face of the mitochondrial inner membrane in a large complex with other ubiquinone biosynthetic enzymes; human COX6 can rescue a yeast cox6 mutant and is implicated in steroid-resistant nephrotic syndrome (SRNS)
YGR256W,GND2,"6-phosphogluconate dehydrogenase (decarboxylating), catalyzes an NADPH regenerating reaction in the pentose phosphate pathway; required for growth on D-glucono-delta-lactone"
YHL021C,AIM17,"Putative protein of unknown function; the authentic, non-tagged protein is detected in highly purified mitochondria in high-throughput studies; null mutant displays reduced frequency of mitochondrial genome loss"
YHR007C-A,YHR007C-A,Putative protein of unknown function; identified by expression profiling and mass spectrometry
YHR008C,SOD2,"Mitochondrial manganese superoxide dismutase, protects cells against oxygen toxicity; phosphorylated"
YHR016C,YSC84,Actin-binding protein involved in bundling of actin filaments and endocytosis of actin cortical patches; activity stimulated by Las17p; contains SH3 domain similar to Rvs167p
YHR033W,YHR033W,Putative protein of unknown function; epitope-tagged protein localizes to the cytoplasm
YHR087W,RTC3,"Protein of unknown function involved in RNA metabolism; has structural similarity to SBDS, the human protein mutated in Shwachman-Diamond Syndrome (the yeast SBDS ortholog = SDO1); null mutation suppresses cdc13-1 temperature sensitivity"
YHR094C,HXT1,"Low-affinity glucose transporter of the major facilitator superfamily, expression is induced by Hxk2p in the presence of glucose and repressed by Rgt1p when glucose is limiting"
YHR096C,HXT5,"Hexose transporter with moderate affinity for glucose, induced in the presence of non-fermentable carbon sources, induced by a decrease in growth rate, contains an extended N-terminal domain relative to other HXTs"
YHR104W,GRE3,"Aldose reductase involved in methylglyoxal, d-xylose, arabinose, and galactose metabolism; stress induced (osmotic, ionic, oxidative, heat shock, starvation and heavy metals); regulated by the HOG pathway"
YHR137W,ARO9,"Aromatic aminotransferase II, catalyzes the first step of tryptophan, phenylalanine, and tyrosine catabolism"
YHR138C,YHR138C,Putative protein of unknown function; has similarity to Pbi2p; double null mutant lacking Pbi2p and Yhr138p exhibits highly fragmented vacuoles
YIL155C,GUT2,"Mitochondrial glycerol-3-phosphate dehydrogenase; expression is repressed by both glucose and cAMP and derepressed by non-fermentable carbon sources in a Snf1p, Rsf1p, Hap2/3/4/5 complex dependent manner"
YIL136W,OM45,"Protein of unknown function, major constituent of the mitochondrial outer membrane; located on the outer (cytosolic) face of the outer membrane"
YIL124W,AYR1,"NADPH-dependent 1-acyl dihydroxyacetone phosphate reductase found in lipid particles, ER, and mitochondrial outer membrane; involved in phosphatidic acid biosynthesis; required for spore germination; capable of metabolizing steroid hormones"
YIL113W,SDP1,"Stress-inducible dual-specificity MAP kinase phosphatase, negatively regulates Slt2p MAP kinase by direct dephosphorylation, diffuse localization under normal conditions shifts to punctate localization after heat shock"
YIL111W,COX5B,"Subunit Vb of cytochrome c oxidase, which is the terminal member of the mitochondrial inner membrane electron transport chain; predominantly expressed during anaerobic growth while its isoform Va (Cox5Ap) is expressed during aerobic growth"
YIL087C,AIM19,"Putative protein of unknown function; the authentic, non-tagged protein is detected in purified mitochondria in high-throughput studies; null mutant displays reduced respiratory growth"
YIL053W,GPP1,"Constitutively expressed isoform of DL-glycerol-3-phosphatase; involved in glycerol biosynthesis, induced in response to both anaerobic and, along with the Hor2p/Gpp2p isoform, osmotic stress"
YIL033C,BCY1,"Regulatory subunit of the cyclic AMP-dependent protein kinase (PKA), a component of a signaling pathway that controls a variety of cellular processes, including metabolism, cell cycle, stress response, stationary phase, and sporulation"
YIR038C,GTT1,"ER associated glutathione S-transferase capable of homodimerization; expression induced during the diauxic shift and throughout stationary phase; functional overlap with Gtt2p, Grx1p, and Grx2p"
YJL164C,TPK1,cAMP-dependent protein kinase catalytic subunit; promotes vegetative growth in response to nutrients via the Ras-cAMP signaling pathway; inhibited by regulatory subunit Bcy1p in the absence of cAMP; partially redundant with Tpk2p and Tpk3p
YJL163C,YJL163C,Putative protein of unknown function
YJL161W,FMP33,"Putative protein of unknown function; the authentic, non-tagged protein is detected in highly purified mitochondria in high-throughput studies"
YJL155C,FBP26,"Fructose-2,6-bisphosphatase, required for glucose metabolism"
YJL133C-A,DPI8,"Putative protein of unknown function; the authentic, non-tagged protein is detected in highly purified mitochondria in high-throughput studies"
YJL108C,PRM10,"Pheromone-regulated protein, proposed to be involved in mating; predicted to have 5 transmembrane segments; induced by treatment with 8-methoxypsoralen and UVA irradiation"
YJL079C,PRY1,Protein of unknown function
YJL052W,TDH1,"Glyceraldehyde-3-phosphate dehydrogenase, isozyme 1, involved in glycolysis and gluconeogenesis; tetramer that catalyzes the reaction of glyceraldehyde-3-phosphate to 1,3 bis-phosphoglycerate; detected in the cytoplasm and cell wall"
YJL016W,TPH3,Putative protein of unknown function; GFP-fusion protein localizes to the cytoplasm; conserved in closely related Saccharomyces species
YJR059W,PTK2,Putative serine/threonine protein kinase involved in regulation of ion transport across plasma membrane; enhances spermine uptake
YJR096W,YJR096W,Putative xylose and arabinose reductase; member of the aldo-keto reductase (AKR) family; GFP-fusion protein is induced in response to the DNA-damaging agent MMS
YKL163W,PIR3,"O-glycosylated covalently-bound cell wall protein required for cell wall stability; expression is cell cycle regulated, peaking in M/G1 and also subject to regulation by the cell integrity pathway"
YKL151C,NNR2,Putative protein of unknown function; YKL151C promoter contains STREs (stress response elements) and expression is induced by heat shock or methyl methanesulfonate; green fluorescent protein (GFP)-fusion protein localizes to the cytoplasm
YKL150W,MCR1,"Mitochondrial NADH-cytochrome b5 reductase, involved in ergosterol biosynthesis"
YKL142W,MRP8,Protein of unknown function; undergoes sumoylation; transcription induced under cell wall stress; protein levels are reduced under anaerobic conditions; originally thought to be a mitochondrial ribosomal protein based on sequence analysis
YKL103C,APE1,Vacuolar aminopeptidase yscI; zinc metalloproteinase that belongs to the peptidase family M18; often used as a marker protein in studies of autophagy and cytosol to vacuole targeting (CVT) pathway
YKL096W,CWP1,"Cell wall mannoprotein that localizes specifically to birth scars of daughter cells, linked to a beta-1,3- and beta-1,6-glucan heteropolymer through a phosphodiester bond; required for propionic acid resistance"
YKL085W,MDH1,"Mitochondrial malate dehydrogenase, catalyzes interconversion of malate and oxaloacetate; involved in the tricarboxylic acid (TCA) cycle; phosphorylated"
YKL067W,YNK1,"Nucleoside diphosphate kinase, catalyzes the transfer of gamma phosphates from nucleoside triphosphates, usually ATP, to nucleoside diphosphates by a mechanism that involves formation of an autophosphorylated enzyme intermediate"
YKL035W,UGP1,"UDP-glucose pyrophosphorylase (UGPase), catalyses the reversible formation of UDP-Glc from glucose 1-phosphate and UTP, involved in a wide variety of metabolic pathways, expression modulated by Pho85p through Pho4p"
YKR039W,GAP1,General amino acid permease; Gap1p senses the presence of amino acid substrates to regulate localization to the plasma membrane when needed
YKR046C,PLN1,Protein of unknown function that co-purifies with lipid particles; expression pattern suggests a role in respiratory growth; computational analysis of large-scale protein-protein interaction data suggests a role in ATP/ADP exchange
YKR076W,ECM4,Omega class glutathione transferase; not essential; similar to Ygr154cp; green fluorescent protein (GFP)-fusion protein localizes to the cytoplasm
YLL040C,VPS13,"Protein of unknown function; heterooligomeric or homooligomeric complex; peripherally associated with membranes; homologous to human COH1; involved in sporulation, vacuolar protein sorting and protein-Golgi retention"
YLL039C,UBI4,"Ubiquitin, becomes conjugated to proteins, marking them for selective degradation via the ubiquitin-26S proteasome system; essential for the cellular stress response; encoded as a polyubiquitin precursor comprised of 5 head-to-tail repeats"
YLL026W,HSP104,"Heat shock protein that cooperates with Ydj1p (Hsp40) and Ssa1p (Hsp70) to refold and reactivate previously denatured, aggregated proteins; responsive to stresses including: heat, ethanol, and sodium arsenite; involved in [PSI+] propagation"
YLL024C,SSA2,"ATP binding protein involved in protein folding and vacuolar import of proteins; member of heat shock protein 70 (HSP70) family; associated with the chaperonin-containing T-complex; present in the cytoplasm, vacuolar membrane and cell wall; 98% identical with Ssa1p, but subtle differences between the two proteins provide functional specificity with respect to propagation of yeast [URE3] prions and vacuolar-mediated degradations of gluconeogenesis enzymes"
YLL023C,POM33,"Transmembrane nucleoporin involved in nuclear pore complex (NPC) distribution, assembly or stabilization; highly conserved across species, orthologous to human TMEM33 and paralogous to Per33p"
YLR028C,ADE16,"Enzyme of 'de novo' purine biosynthesis containing both 5-aminoimidazole-4-carboxamide ribonucleotide transformylase and inosine monophosphate cyclohydrolase activities, isozyme of Ade17p; ade16 ade17 mutants require adenine and histidine"
YLR109W,AHP1,"Thiol-specific peroxiredoxin, reduces hydroperoxides to protect against oxidative damage; function in vivo requires covalent conjugation to Urm1p"
YLR149C,YLR149C,Putative protein of unknown function; overexpression causes a cell cycle delay or arrest; null mutation results in a decrease in plasma membrane electron transport; YLR149C is not an essential gene
YLR178C,TFS1,Protein that interacts with and inhibits carboxypeptidase Y and Ira2p; phosphatidylethanolamine-binding protein (PEBP) family member; targets to vacuolar membranes during stationary phase; acetylated by NatB N-terminal acetyltransferase
YLR206W,ENT2,Epsin-like protein required for endocytosis and actin patch assembly and functionally redundant with Ent1p; contains clathrin-binding motif at C-terminus
YLR216C,CPR6,"Peptidyl-prolyl cis-trans isomerase (cyclophilin), catalyzes the cis-trans isomerization of peptide bonds N-terminal to proline residues; binds to Hsp82p and contributes to chaperone activity"
YLR251W,SYM1,Protein required for ethanol metabolism; induced by heat shock and localized to the inner mitochondrial membrane; homologous to mammalian peroxisomal membrane protein Mpv17
YLR252W,YLR252W,"Dubious open reading frame unlikely to encode a protein, based on experimental and comparative sequence data; partially overlaps the verified gene SYM1, a mitochondrial protein involved in ethanol metabolism"
YLR258W,GSY2,"Glycogen synthase, similar to Gsy1p; expression induced by glucose limitation, nitrogen starvation, heat shock, and stationary phase; activity regulated by cAMP-dependent, Snf1p and Pho85p kinases as well as by the Gac1p-Glc7p phosphatase"
YLR259C,HSP60,Tetradecameric mitochondrial chaperonin required for ATP-dependent folding of precursor polypeptides and complex assembly; prevents aggregation and mediates protein refolding after heat shock; role in mtDNA transmission; phosphorylated
YLR270W,DCS1,"Non-essential hydrolase involved in mRNA decapping, may function in a feedback mechanism to regulate deadenylation, contains pyrophosphatase activity and a HIT (histidine triad) motif; interacts with neutral trehalase Nth1p"
YLR304C,ACO1,"Aconitase, required for the tricarboxylic acid (TCA) cycle and also independently required for mitochondrial genome maintenance; phosphorylated; component of the mitochondrial nucleoid; mutation leads to glutamate auxotrophy"
YLR327C,TMA10,Protein of unknown function that associates with ribosomes; putative homolog of the F1F0-ATPase synthase regulator Stf2p
YLR345W,YLR345W,"Similar to 6-phosphofructo-2-kinase/fructose-2,6-bisphosphatase enzymes responsible for the metabolism of fructoso-2,6-bisphosphate; mRNA expression is repressed by the Rfx1p-Tup1p-Ssn6p repressor complex; YLR345W is not an essential gene"
YML131W,YML131W,"Putative protein of unknown function with similarity to medium chain dehydrogenase/reductases; expression induced by stresses including osmotic shock, DNA damaging agents, and other chemicals; GFP-fusion protein localizes to the cytoplasm"
YML128C,MSC1,"Protein of unknown function; mutant is defective in directing meiotic recombination events to homologous chromatids; the authentic, non-tagged protein is detected in highly purified mitochondria and is phosphorylated"
YML120C,NDI1,"NADH:ubiquinone oxidoreductase, transfers electrons from NADH to ubiquinone in the respiratory chain but does not pump protons, in contrast to the higher eukaryotic multisubunit respiratory complex I; phosphorylated; homolog of human AMID"
YML110C,COQ5,"2-hexaprenyl-6-methoxy-1,4-benzoquinone methyltransferase, involved in ubiquinone (Coenzyme Q) biosynthesis; localizes to the matrix face of the mitochondrial inner membrane in a large complex with other ubiquinone biosynthetic enzymes"
YML100W,TSL1,"Large subunit of trehalose 6-phosphate synthase (Tps1p)/phosphatase (Tps2p) complex, which converts uridine-5'-diphosphoglucose and glucose 6-phosphate to trehalose, similar to Tps3p and may share function; mutant has aneuploidy tolerance"
YML070W,DAK1,"Dihydroxyacetone kinase, required for detoxification of dihydroxyacetone (DHA); involved in stress adaptation"
YML004C,GLO1,"Monomeric glyoxalase I, catalyzes the detoxification of methylglyoxal (a by-product of glycolysis) via condensation with glutathione to produce S-D-lactoylglutathione; expression regulated by methylglyoxal levels and osmotic stress"
YMR031C,EIS1,"Component of the eisosome that is required for proper eisosome assembly; similarity to Ykl050cp and Uso1p; the authentic, non-tagged protein is detected in a phosphorylated state in highly purified mitochondria in high-throughput studies"
YMR090W,YMR090W,"Putative protein of unknown function with similarity to DTDP-glucose 4,6-dehydratases; GFP-fusion protein localizes to the cytoplasm; up-regulated in response to the fungicide mancozeb; not essential for viability"
YMR105C,PGM2,"Phosphoglucomutase, catalyzes the conversion from glucose-1-phosphate to glucose-6-phosphate, which is a key step in hexose metabolism; functions as the acceptor for a Glc-phosphotransferase"
YMR169C,ALD3,"Cytoplasmic aldehyde dehydrogenase, involved in beta-alanine synthesis; uses NAD+ as the preferred coenzyme; very similar to Ald2p; expression is induced by stress and repressed by glucose"
YMR170C,ALD2,"Cytoplasmic aldehyde dehydrogenase, involved in ethanol oxidation and beta-alanine biosynthesis; uses NAD+ as the preferred coenzyme; expression is stress induced and glucose repressed; very similar to Ald3p"
YMR173W,DDR48,"DNA damage-responsive protein, expression is increased in response to heat-shock stress or treatments that produce DNA lesions; contains multiple repeats of the amino acid sequence NNNDSYGS"
YMR173W-A,YMR173W-A,"Dubious open reading frame unlikely to encode a protein, based on available experimental and comparative sequence data; overlaps the verified gene DDR48/YML173W"
YMR174C,PAI3,"Cytoplasmic proteinase A (Pep4p) inhibitor, dependent on Pbs2p and Hog1p protein kinases for osmotic induction; intrinsically unstructured, N-terminal half becomes ordered in the active site of proteinase A upon contact"
YMR175W,SIP18,Phospholipid-binding hydrophilin with a role in dessication resistance; expression is induced by osmotic stress
YMR175W-A,YMR175W-A,Putative protein of unknown function
YMR196W,YMR196W,Putative protein of unknown function; green fluorescent protein (GFP)-fusion protein localizes to the cytoplasm; YMR196W is not an essential gene
YMR226C,YMR226C,"NADP(+)-dependent dehydrogenase; acts on serine, L-allo-threonine, and other 3-hydroxy acids; green fluorescent protein fusion protein localizes to the cytoplasm and nucleus; may interact with ribosomes, based on co-purification experiments"
YMR250W,GAD1,"Glutamate decarboxylase, converts glutamate into gamma-aminobutyric acid (GABA) during glutamate catabolism; involved in response to oxidative stress"
YMR251W-A,HOR7,Protein of unknown function; overexpression suppresses Ca2+ sensitivity of mutants lacking inositol phosphorylceramide mannosyltransferases Csg1p and Csh1p; transcription is induced under hyperosmotic stress and repressed by alpha factor
YMR252C,MLO1,Putative protein of unknown function; green fluorescent protein (GFP)-fusion protein localizes to mitochondria; YMR252C is not an essential gene
YMR261C,TPS3,"Regulatory subunit of trehalose-6-phosphate synthase/phosphatase complex, which synthesizes the storage carbohydrate trehalose; expression is induced by stress conditions and repressed by the Ras-cAMP pathway"
YMR297W,PRC1,"Vacuolar carboxypeptidase Y (proteinase C; CPY), broad-specificity C-terminal exopeptidase involved in non-specific protein degradation in the vacuole; member of the serine carboxypeptidase family"
YMR315W,YMR315W,Protein with NADP(H) oxidoreductase activity; transcription is regulated by Stb5p in response to NADPH depletion induced by diamide; promoter contains a putative Stb5p binding site
YNL305C,BXI1,Protein involved in apoptosis; variously described as containing a BCL-2 homology (BH3) domain or as a member of the BAX inhibitor family; reported to promote apoptosis under some conditions and to inhibit it in others; localizes to ER and vacuole; may link the unfolded protein response to apoptosis via regulation of calcium-mediated signaling; translocates to mitochondria under apoptosis-inducing conditions in a process involving Mir1p and Cor1p
YNL274C,GOR1,"Glyoxylate reductase; null mutation results in increased biomass after diauxic shift; the authentic, non-tagged protein is detected in highly purified mitochondria in high-throughput studies"
YNL200C,NNR1,"Putative protein of unknown function; the authentic, non-tagged protein is detected in highly purified mitochondria in high-throughput studies"
YNL195C,YNL195C,"Putative protein of unknown function; shares a promoter with YNL194C; the authentic, non-tagged protein is detected in highly purified mitochondria in high-throughput studies"
YNL194C,YNL194C,Integral membrane protein required for sporulation and plasma membrane sphingolipid content; has sequence similarity to SUR7 and FMP45; GFP-fusion protein is induced in response to the DNA-damaging agent MMS
YNL160W,YGP1,Cell wall-related secretory glycoprotein; induced by nutrient deprivation-associated growth arrest and upon entry into stationary phase; may be involved in adaptation prior to stationary phase entry; has similarity to Sps100p
YNL115C,YNL115C,Putative protein of unknown function; green fluorescent protein (GFP)-fusion protein localizes to mitochondria; YNL115C is not an essential gene
YNL098C,RAS2,"GTP-binding protein that regulates the nitrogen starvation response, sporulation, and filamentous growth; farnesylation and palmitoylation required for activity and localization to plasma membrane; homolog of mammalian Ras proto-oncogenes"
YNL055C,POR1,"Mitochondrial porin (voltage-dependent anion channel), outer membrane protein required for the maintenance of mitochondrial osmotic stability and mitochondrial membrane permeability; phosphorylated"
YNL036W,NCE103,Carbonic anhydrase; poorly transcribed under aerobic conditions and at an undetectable level under anaerobic conditions; involved in non-classical protein export pathway
YNL015W,PBI2,"Cytosolic inhibitor of vacuolar proteinase B (PRB1), required for efficient vacuole inheritance; with thioredoxin forms protein complex LMA1, which assists in priming SNARE molecules and promotes vacuole fusion"
YNL007C,SIS1,Type II HSP40 co-chaperone that interacts with the HSP70 protein Ssa1p; not functionally redundant with Ydj1p due to due to substrate specificity; shares similarity with bacterial DnaJ proteins
YNR001C,CIT1,"Citrate synthase, catalyzes the condensation of acetyl coenzyme A and oxaloacetate to form citrate; the rate-limiting enzyme of the TCA cycle; nuclear encoded mitochondrial protein"
YNR014W,YNR014W,"Putative protein of unknown function; expression is cell-cycle regulated, Azf1p-dependent, and heat-inducible"
YNR034W,SOL1,"Protein with a possible role in tRNA export; shows similarity to 6-phosphogluconolactonase non-catalytic domains but does not exhibit this enzymatic activity; homologous to Sol2p, Sol3p, and Sol4p"
YNR034W-A,EGO4,Putative protein of unknown function; expression is regulated by Msn2p/Msn4p
YOL151W,GRE2,"3-methylbutanal reductase and NADPH-dependent methylglyoxal reductase (D-lactaldehyde dehydrogenase); stress induced (osmotic, ionic, oxidative, heat shock and heavy metals); regulated by the HOG pathway"
YOL143C,RIB4,"Lumazine synthase (6,7-dimethyl-8-ribityllumazine synthase, also known as DMRL synthase); catalyzes synthesis of immediate precursor to riboflavin"
YOL084W,PHM7,"Protein of unknown function, expression is regulated by phosphate levels; green fluorescent protein (GFP)-fusion protein localizes to the cell periphery and vacuole"
YOL082W,ATG19,Receptor protein specific for the cytoplasm-to-vacuole targeting (Cvt) pathway; delivers cargo proteins aminopeptidase I (Lap4p) and alpha-mannosidase (Ams1p) to the phagophore assembly site for packaging into Cvt vesicles
YOL053W,AIM39,Putative protein of unknown function; null mutant displays elevated frequency of mitochondrial genome loss
YOL052C-A,DDR2,"Multistress response protein, expression is activated by a variety of xenobiotic agents and environmental or physiological stresses"
YOL048C,RRT8,Putative protein of unknown function; identified in a screen for mutants with increased levels of rDNA transcription; green fluorescent protein (GFP)-fusion protein localizes to lipid particles
YOR027W,STI1,"Hsp90 cochaperone, interacts with the Ssa group of the cytosolic Hsp70 chaperones and activates Ssa1p ATPase activity; interacts with Hsp90 chaperones and inhibits their ATPase activity; homolog of mammalian Hop"
YOR028C,CIN5,Basic leucine zipper (bZIP) transcription factor of the yAP-1 family; physically interacts with the Tup1-Cyc8 complex and recruits Tup1p to its targets; mediates pleiotropic drug resistance and salt tolerance; nuclearly localized under oxidative stress and sequestered in the cytoplasm by Lot6p under reducing conditions
YOR052C,TMC1,"Nuclear protein of unknown function; expression induced by nitrogen limitation in a GLN3, GAT1-independent manner and by weak acid; transcriptionally regulated by Rpn4p along with proteasome subunit genes; putative ortholog of human AIRAP, which stimulates proteasome activity in response to arsenic"
YOR120W,GCY1,"Putative NADP(+) coupled glycerol dehydrogenase, proposed to be involved in an alternative pathway for glycerol catabolism; also has mRNA binding activity; member of the aldo-keto reductase (AKR) family"
YOR136W,IDH2,"Subunit of mitochondrial NAD(+)-dependent isocitrate dehydrogenase, which catalyzes the oxidation of isocitrate to alpha-ketoglutarate in the TCA cycle; phosphorylated"
YOR161C,PNS1,"Protein of unknown function; has similarity to Torpedo californica tCTL1p, which is postulated to be a choline transporter, neither null mutation nor overexpression affects choline transport"
YOR173W,DCS2,"Non-essential, stress induced regulatory protein; modulates m7G-oligoribonucleotide metabolism; inhibits Dcs1p; regulated by Msn2p, Msn4p, and the Ras-cAMP-cAPK signaling pathway; mutant has increased aneuploidy tolerance"
YOR185C,GSP2,"GTP binding protein (mammalian Ranp homolog) involved in the maintenance of nuclear organization, RNA processing and transport; interacts with Kap121p, Kap123p and Pdr6p (karyophilin betas); Gsp1p homolog that is not required for viability"
YOR273C,TPO4,"Polyamine transport protein, recognizes spermine, putrescine, and spermidine; localizes to the plasma membrane; member of the major facilitator superfamily"
YOR285W,RDL1,Protein of unknown function containing a rhodanese-like domain; localized to the mitochondrial outer membrane
YOR298C-A,MBF1,Transcriptional coactivator that bridges the DNA-binding region of Gcn4p and TATA-binding protein Spt15p; suppressor of frameshift mutations
YOR317W,FAA1,"Long chain fatty acyl-CoA synthetase, activates imported fatty acids with a preference for C12:0-C16:0 chain lengths; functions in long chain fatty acid import; accounts for most acyl-CoA synthetase activity; localized to lipid particles"
YOR348C,PUT4,"Proline permease, required for high-affinity transport of proline; also transports the toxic proline analog azetidine-2-carboxylate (AzC); PUT4 transcription is repressed in ammonia-grown cells"
YOR374W,ALD4,"Mitochondrial aldehyde dehydrogenase, required for growth on ethanol and conversion of acetaldehyde to acetate; phosphorylated; activity is K+ dependent; utilizes NADP+ or NAD+ equally as coenzymes; expression is glucose repressed"
YPL247C,YPL247C,Putative protein of unknown function; green fluorescent protein (GFP)-fusion protein localizes to the cytoplasm and nucleus; similar to the petunia WD repeat protein an11; overexpression causes a cell cycle delay or arrest
YPL240C,HSP82,"Hsp90 chaperone required for pheromone signaling and negative regulation of Hsf1p; docks with Tom70p for mitochondrial preprotein delivery; promotes telomerase DNA binding and nucleotide addition; interacts with Cns1p, Cpr6p, Cpr7p, Sti1p"
YPL225W,YPL225W,"Protein of unknown function that may interact with ribosomes, based on co-purification experiments; green fluorescent protein (GFP)-fusion protein localizes to the cytoplasm"
YPL223C,GRE1,"Hydrophilin of unknown function; stress induced (osmotic, ionic, oxidative, heat shock and heavy metals); regulated by the HOG pathway"
YPL154C,PEP4,"Vacuolar aspartyl protease (proteinase A), required for the posttranslational precursor maturation of vacuolar proteinases; important for protein turnover after oxidative damage; synthesized as a zymogen, self-activates"
YPL061W,ALD6,"Cytosolic aldehyde dehydrogenase, activated by Mg2+ and utilizes NADP+ as the preferred coenzyme; required for conversion of acetaldehyde to acetate; constitutively expressed; locates to the mitochondrial outer surface upon oxidative stress"
YPL004C,LSP1,"Primary component of eisosomes, which are large immobile patch structures at the cell cortex associated with endocytosis, along with Pil1p and Sur7p; null mutants show activation of Pkc1p/Ypk1p stress resistance pathways; member of the BAR domain family"
YPR026W,ATH1,Acid trehalase required for utilization of extracellular trehalose
YPR028W,YOP1,Membrane protein that interacts with Yip1p to mediate membrane traffic; interacts with Sey1p to maintain ER morphology; overexpression leads to cell death and accumulation of internal cell membranes
YPR036W-A,SPO24,Protein of unknown function; transcription is regulated by Pdr1p
YPR103W,PRE2,"Beta 5 subunit of the 20S proteasome, responsible for the chymotryptic activity of the proteasome"
YPR149W,NCE102,Protein of unknown function; contains transmembrane domains; involved in secretion of proteins that lack classical secretory signal sequences; component of the detergent-insoluble glycolipid-enriched complexes (DIGs)
YPR160W,GPH1,"Non-essential glycogen phosphorylase required for the mobilization of glycogen, activity is regulated by cyclic AMP-mediated phosphorylation, expression is regulated by stress-response elements and by the HOG MAP kinase pathway"
YPR184W,GDB1,"Glycogen debranching enzyme containing glucanotranferase and alpha-1,6-amyloglucosidase activities, required for glycogen degradation; phosphorylated in mitochondria; activity is inhibited by Igd1p"